{"data_time": 0.0009826049790717661, "eta_seconds": 215.95865379701718, "iteration": 19, "lr": 0.0008, "time": 0.265631800488336, "total_loss": 0.0875406488776207}
{"data_time": 0.0008712660055607557, "eta_seconds": 210.06588478048798, "iteration": 39, "lr": 0.0008, "time": 0.26490023301448673, "total_loss": 0.07725764811038971}
